Guillaume Huard (Guillaume.Huard@imag.fr)
Vincent Danjean (Vincent.Danjean@imag.fr)

Thomas Civade (thomas.civade@etu.univ-grenoble-alpes.fr)
Clément Corbalan (clement.corbalan@etu.univ-grenoble-alpes.fr)
Axel Deleuze-Dordron (axel.deleuze-dordron@etu.univ-grenoble-alpes.fr)
Dylan Grousson (dylan.grousson@etu.univ-grenoble-alpes.fr)
Chu Hoang Anh Nguyen (chu-hoang-anh.nguyen@etu.univ-grenoble-alpes.fr)
Côme Vincent (come.vincent@etu.univ-grenoble-alpes.fr)

